key,pt-BR,en-US,es
MENU_MAIN_TITLE,MENU PRINCIPAL,MAIN MENU,MENÚ PRINCIPAL
MENU_MAIN_PLAY,JOGAR,PLAY,JUGAR
MENU_MAIN_SETTINGS,OPÇÕES,SETTINGS,OPCIONES
MENU_MAIN_QUIT,SAIR,QUIT,SALIR

MENU_SETTINGS_TITLE,OPÇÕES,SETTINGS,OPCIONES
MENU_SETTINGS_AUDIO,ÁUDIO,AUDIO,AUDIO
MENU_SETTINGS_VIDEO,VÍDEO,VIDEO,VÍDEO
MENU_SETTINGS_LANGUAGE,IDIOMA,LANGUAGE,IDIOMA
MENU_SETTINGS_BACK,VOLTAR,BACK,VOLVER

MENU_AUDIO_TITLE,ÁUDIO,AUDIO,AUDIO
SETTINGS_MASTER_VOLUME,GERAL,MASTER,GENERAL
SETTINGS_MUSIC_VOLUME,MÚSICA,MUSIC,MÚSICA
SETTINGS_SFX_VOLUME,EFEITOS,SFX,EFECTOS

MENU_VIDEO_TITLE,VÍDEO,VIDEO,VÍDEO
SETTINGS_DISPLAY_MODE,MODO DE EXIBIÇÃO,DISPLAY MODE,MODO DE PANTALLA
SETTINGS_DISPLAY_FULLSCREEN,TELA CHEIA,FULLSCREEN,PANTALLA COMPLETA
SETTINGS_DISPLAY_WINDOWED,JANELA,WINDOWED,VENTANA
SETTINGS_VSYNC,V-SYNC,V-SYNC,V-SYNC
SETTINGS_VSYNC_ON,LIGADO,ON,ACTIVADO
SETTINGS_VSYNC_OFF,DESLIGADO,OFF,DESACTIVADO
SETTINGS_FPS_LIMIT,LIMITE DE FPS,FPS LIMIT,LÍMITE DE FPS
SETTINGS_FPS_30,30,30,30
SETTINGS_FPS_60,60,60,60
SETTINGS_FPS_120,120,120,120
SETTINGS_FPS_UNLIMITED,ILIMITADO,UNLIMITED,ILIMITADO

MENU_LANGUAGE_TITLE,IDIOMA,LANGUAGE,IDIOMA
LANGUAGE_PORTUGUESE,PORTUGUÊS,PORTUGUESE,PORTUGUÉS
LANGUAGE_ENGLISH,INGLÊS,ENGLISH,INGLÉS
LANGUAGE_SPANISH,ESPANHOL,SPANISH,ESPAÑOL