key,pt-BR,en-US,es,ru
MENU_MAIN_TITLE,MENU PRINCIPAL,MAIN MENU,MENÚ PRINCIPAL,ГЛАВНОЕ МЕНЮ
MENU_MAIN_PLAY,JOGAR,PLAY,JUGAR,ИГРАТЬ
MENU_MAIN_SETTINGS,OPÇÕES,SETTINGS,OPCIONES,НАСТРОЙКИ
MENU_MAIN_QUIT,SAIR,QUIT,SALIR,ВЫЙТИ

MENU_SETTINGS_TITLE,OPÇÕES,SETTINGS,OPCIONES,НАСТРОЙКИ
MENU_SETTINGS_AUDIO,ÁUDIO,AUDIO,AUDIO,ЗВУК
MENU_SETTINGS_VIDEO,VÍDEO,VIDEO,VÍDEO,ВИДЕО
MENU_SETTINGS_LANGUAGE,IDIOMA,LANGUAGE,IDIOMA,ЯЗЫК
MENU_SETTINGS_BACK,VOLTAR,BACK,VOLVER,НАЗАД

MENU_AUDIO_TITLE,ÁUDIO,AUDIO,AUDIO,ЗВУК
SETTINGS_MASTER_VOLUME,VOLUME GERAL,MASTER VOLUME,VOLUMEN GENERAL,ОБЩАЯ ГРОМКОСТЬ
SETTINGS_MUSIC_VOLUME,MÚSICA,MUSIC,MÚSICA,МУЗЫКА
SETTINGS_SFX_VOLUME,EFEITOS,SFX,EFECTOS SONOROS,ЗВУКОВЫЕ ЭФФЕКТЫ
SETTINGS_AMBIENT_VOLUME,AMBIENTE,AMBIENT,AMBIENTE,ОКРУЖАЮЩИЕ ЗВУКИ

MENU_VIDEO_TITLE,VÍDEO,VIDEO,VÍDEO,ВИДЕО
SETTINGS_DISPLAY_MODE,MODO DE EXIBIÇÃO,DISPLAY MODE,MODO DE PANTALLA,РЕЖИМ ОТОБРАЖЕНИЯ
SETTINGS_DISPLAY_FULLSCREEN,TELA CHEIA,FULLSCREEN,PANTALLA COMPLETA,ПОЛНЫЙ ЭКРАН
SETTINGS_DISPLAY_WINDOWED,JANELA,WINDOWED,VENTANA,В ОКНЕ
SETTINGS_VSYNC,V-SYNC,V-SYNC,V-SYNC,V-SYNC

MENU_LANGUAGE_TITLE,IDIOMA,LANGUAGE,IDIOMA,ЯЗЫК
LANGUAGE_PORTUGUESE,PORTUGUÊS,PORTUGUESE,PORTUGUÉS,ПОРТУГАЛЬСКИЙ
LANGUAGE_ENGLISH,INGLÊS,ENGLISH,INGLÉS,АНГЛИЙСКИЙ
LANGUAGE_SPANISH,ESPANHOL,SPANISH,ESPAÑOL,ИСПАНСКИЙ
LANGUAGE_RUSSIAN,RUSSO,RUSSIAN,RUSO,РУССКИЙ
LANGUAGE_JAPANESE,JAPONÊS,JAPANESE,JAPONÉS,ЯПОНСКИЙ
